"CANDIDATEID","EDUCATIONNAME","STARTDATE","ENDDATE","EDUCATIONSTATUS","EDUCATIONDESCRIPTION","CREATEDATE","CREATEBY","UPDATEDATE","UPDATEBY","ACTIVEFLAG","ID","EDUCATIONTYPE"
192747,UNIVERSITAS UNJANI,2023-01-01 00:00:00.000,2024-01-01 00:00:00.000,Y,,2025-10-01 10:08:17.000,ADMIN,,,Y,176693,625
192790,UNIVERSITAS BINA NUSANTARA,2014-01-01 00:00:00.000,2019-01-01 00:00:00.000,Y,,2025-10-01 10:41:57.000,ADMIN,,,Y,176699,625
192801,UPH COLLEGE ,2022-01-01 00:00:00.000,2025-01-01 00:00:00.000,Y,LULUS,2025-10-01 12:36:15.000,ADMIN,,,Y,176708,1630
192806,UNIV DIPONEGORO SEMARANG,1991-01-01 00:00:00.000,1994-01-01 00:00:00.000,Y,LULUS,2025-10-01 14:09:29.000,ADMIN,,,Y,176713,625
192795,UNIVERSITAS PRIMA INDONESIA,2020-01-01 00:00:00.000,2022-01-01 00:00:00.000,Y,LULUS,2025-10-01 14:15:30.000,ADMIN,,,Y,176714,626
192810,ROYAL HOLLOWAY UNIVERSITY,2013-01-01 00:00:00.000,2014-01-01 00:00:00.000,Y,BUSINESS INFORMATION SYSTEM,2025-10-01 14:33:20.000,ADMIN,,,Y,176718,626
192847,UNIVERSITAS WIDYA DHARMA,2019-01-01 00:00:00.000,2023-01-01 00:00:00.000,Y,,2025-10-01 23:10:58.000,ADMIN,,,Y,176756,625
192862,SMA SANTO LUKAS,2013-01-01 00:00:00.000,2016-01-01 00:00:00.000,Y,SMA SANTO LUKAS,2025-10-02 10:52:40.000,ADMIN,,,Y,176771,1630
193070,Universitas Dirgantara Marsekai Suryadarma,2021-01-01 00:00:00.000,2025-01-01 00:00:00.000,Y,Fakultas Hukum,2025-10-06 23:55:35.000,ADMIN,,,Y,176977,625
193078,SMA 1 BANGKA BARAT,2022-01-01 00:00:00.000,2025-01-01 00:00:00.000,Y,,2025-10-07 08:27:57.000,ADMIN,,,Y,176980,1630
193080,sma,1994-01-01 00:00:00.000,1997-01-01 00:00:00.000,Y,sma,2025-10-07 09:24:51.000,ADMIN,,,Y,176982,1630
193082,SMA KATHOLIK UNTUNG SUROPATI,2022-01-01 00:00:00.000,2005-01-01 00:00:00.000,Y,,2025-10-07 10:21:10.000,ADMIN,,,Y,176984,1630
192798,S1,2018-01-01 00:00:00.000,2022-01-01 00:00:00.000,Y,LULUS,2025-10-01 12:01:34.000,ADMIN,,,Y,176705,625
192831,SMK PATRIA WISATA,2022-01-01 00:00:00.000,2025-01-01 00:00:00.000,Y,LULUS,2025-10-01 18:25:59.000,ADMIN,,,Y,176738,1630
192882,UNIMED,1991-01-01 00:00:00.000,1995-01-01 00:00:00.000,Y,PENDIDIKAN,2025-10-02 14:56:59.000,ADMIN,,,Y,176786,625
192880,The university of Melbourne,2011-01-01 00:00:00.000,2015-01-01 00:00:00.000,Y,,2025-10-02 14:57:44.000,ADMIN,,,Y,176787,625
192934,STISIP WIDURI,2015-01-01 00:00:00.000,2019-01-01 00:00:00.000,Y,ILMU KOMUNIKASI,2025-10-03 16:30:49.000,ADMIN,,,Y,176842,625
192940,SMA BOSOWA BINA INSANI,2022-01-01 00:00:00.000,2025-01-01 00:00:00.000,Y,,2025-10-03 17:30:49.000,ADMIN,,,Y,176846,1630
192885,UNIVERSITAS WIDYA MANDIRA,2018-01-01 00:00:00.000,2025-01-01 00:00:00.000,Y,,2025-10-03 17:33:04.000,ADMIN,,,Y,176847,625
192942,SMA REGINA PACIS,2022-01-01 00:00:00.000,2025-01-01 00:00:00.000,Y,LULUS,2025-10-03 17:33:48.000,ADMIN,,,Y,176848,1630
192953,SMA NEGERI 1 SINGOSARI ,2019-01-01 00:00:00.000,2022-01-01 00:00:00.000,Y,,2025-10-03 21:58:15.000,ADMIN,,,Y,176860,1630
192961,UNS,2011-01-01 00:00:00.000,2016-01-01 00:00:00.000,Y,TEKNIK SIPIL,2025-10-03 23:55:30.000,ADMIN,,,Y,176863,625
192950,SMU KRISTEN LAHAT,2024-01-01 00:00:00.000,2021-01-01 00:00:00.000,Y,LULUS,2025-10-04 08:27:10.000,ADMIN,,,Y,176867,1630
192970,UNIVERSITAS PELITA HARAPAN,2015-01-01 00:00:00.000,2019-01-01 00:00:00.000,Y,,2025-10-04 10:55:22.000,ADMIN,,,Y,176872,626
192338,UNIVERSITAS PANCASILA JAKARTA,1994-01-01 00:00:00.000,1998-01-01 00:00:00.000,Y,LULUS,2025-10-04 14:18:04.000,ADMIN,,,Y,176880,625
192981,LONDON SCHOOL,2006-01-01 00:00:00.000,2010-01-01 00:00:00.000,Y,PUBLIC RELATIONSHIP,2025-10-04 15:14:59.000,ADMIN,,,Y,176882,625
192983,AKUNTANSI,2015-01-01 00:00:00.000,2019-01-01 00:00:00.000,Y,,2025-10-04 15:41:49.000,ADMIN,,,Y,176883,625
192965,SMAN CIMALAKA,2021-01-01 00:00:00.000,2024-01-01 00:00:00.000,Y,,2025-10-04 19:41:09.000,ADMIN,,,Y,176891,1630
192992,UNIVERSITAS KATOLIK PARAHYANGAN BANDUNG,2012-01-01 00:00:00.000,2016-01-01 00:00:00.000,Y,,2025-10-04 20:38:15.000,ADMIN,,,Y,176894,625
192996,BINUS INTERNATIONAL UNIVERSITY,2023-01-01 00:00:00.000,2025-01-01 00:00:00.000,Y,,2025-10-04 22:37:47.000,ADMIN,,,Y,176898,625
193066,CINTA BUDAYA,2021-01-01 00:00:00.000,2024-01-01 00:00:00.000,Y,,2025-10-06 21:59:33.000,ADMIN,,,Y,176973,1630
193092,UNIVERSITAS DUMAI,2018-01-01 00:00:00.000,2022-01-01 00:00:00.000,Y,,2025-10-07 12:16:41.000,ADMIN,,,Y,176993,625
193102,UNGGUL SAKTI,2016-01-01 00:00:00.000,2019-01-01 00:00:00.000,Y,,2025-10-07 13:43:38.000,ADMIN,,,Y,177005,1630
193105,UNIVERSITAS DJUANDA,2018-01-01 00:00:00.000,2022-01-01 00:00:00.000,Y,,2025-10-07 13:44:34.000,ADMIN,,,Y,177006,625
193151,SINGAPORE UNIVERSITY OF TECNOLOGY AND DESIGN,2021-01-01 00:00:00.000,2025-01-01 00:00:00.000,Y,COMPUTER SCIENCE,2025-10-07 20:41:29.000,ADMIN,,,Y,177048,625
193173,SMA JAKARTA,2021-01-01 00:00:00.000,2025-01-01 00:00:00.000,Y,,2025-10-08 10:53:42.000,ADMIN,,,Y,177068,1630
193170,GUNADARMA,2015-01-01 00:00:00.000,2020-01-01 00:00:00.000,Y,LULUS,2025-10-08 11:31:12.000,ADMIN,,,Y,177072,625
193188,BUDI MULIA,2022-01-01 00:00:00.000,2025-01-01 00:00:00.000,Y,,2025-10-08 13:59:07.000,ADMIN,,,Y,177081,1630
193196,SMA NEGRI 66 JAKARTA,2008-01-01 00:00:00.000,2011-01-01 00:00:00.000,Y,IPA,2025-10-08 15:31:42.000,ADMIN,,,Y,177090,1630
193199,UNIVERSITAS UDAYANA,2001-01-01 00:00:00.000,2005-01-01 00:00:00.000,Y,S1 TEKNIK,2025-10-08 16:00:35.000,ADMIN,,,Y,177091,625
193200,SMA 1 MEDAN,2019-01-01 00:00:00.000,2022-01-01 00:00:00.000,Y,,2025-10-08 16:01:08.000,ADMIN,,,Y,177092,1630
192781,UNIVERSITAS BINA NUSANTARA,1999-01-01 00:00:00.000,2003-01-01 00:00:00.000,Y,,2025-10-01 13:02:07.000,ADMIN,,,Y,176709,625
192805,UNIVERSITAS PENDIDIKAN INDONESIA,2012-01-01 00:00:00.000,2016-01-01 00:00:00.000,Y,,2025-10-01 14:00:07.000,ADMIN,,,Y,176712,625
192820,SMAN 1 CANDIROTO,2015-01-01 00:00:00.000,2018-01-01 00:00:00.000,Y,,2025-10-01 16:00:13.000,ADMIN,,,Y,176726,1630
192821,SMAK SOEVERDI TUBAN,2020-01-01 00:00:00.000,2023-01-01 00:00:00.000,Y,LULUS,2025-10-01 16:00:31.000,ADMIN,,,Y,176727,1630
192823,UNIVERSITAS TARUMANAGARA,2021-01-01 00:00:00.000,2022-01-01 00:00:00.000,Y,,2025-10-01 16:01:37.000,ADMIN,,,Y,176728,626
192855,DHAMMASAVANA,2023-01-01 00:00:00.000,2025-01-01 00:00:00.000,Y,LULUS,2025-10-02 09:49:36.000,ADMIN,,,Y,176764,1630
192889,SMA IMMANUEL MEDAN,2010-01-01 00:00:00.000,2012-01-01 00:00:00.000,Y,,2025-10-02 18:02:10.000,ADMIN,,,Y,176797,1630
193016,SMA PELITA,2018-01-01 00:00:00.000,2021-01-01 00:00:00.000,Y,SMA PELITA,2025-10-06 08:10:52.000,ADMIN,,,Y,176920,1630
193025,Universitas Prasetiya Mulya,2015-01-01 00:00:00.000,2019-01-01 00:00:00.000,Y,,2025-10-06 12:33:42.000,ADMIN,,,Y,176930,625
193032,SMK,1993-01-01 00:00:00.000,1996-01-01 00:00:00.000,Y,lulus,2025-10-06 13:59:55.000,ADMIN,,,Y,176937,1630
193037,UNIVERSITAS ISLAM NEGERI MALANG,2022-01-01 00:00:00.000,2025-01-01 00:00:00.000,Y,,2025-10-06 15:27:37.000,ADMIN,,,Y,176942,626
192840,Universitas Andalas,2012-01-01 00:00:00.000,2017-01-01 00:00:00.000,Y,Teknik Mesin,2025-10-01 21:17:07.000,ADMIN,,,Y,176747,625
192868,SMU JAKARTA,2022-01-01 00:00:00.000,2025-01-01 00:00:00.000,Y,LULUS,2025-10-02 12:03:35.000,ADMIN,,,Y,176776,1630
193028,INSTITUT ILMU SOSIAL DAN ILMU POLITIK (IISIP) JAKARTA,2006-01-01 00:00:00.000,2011-01-01 00:00:00.000,Y,,2025-10-07 12:54:53.000,ADMIN,,,Y,176998,625
193099,UNIVERSITAS DIPONEGORO,2012-01-01 00:00:00.000,2018-01-01 00:00:00.000,Y,,2025-10-07 13:09:45.000,ADMIN,,,Y,176999,625
193109,UNIVERSITAS AIRLANGGA,2023-01-01 00:00:00.000,2025-01-01 00:00:00.000,Y,,2025-10-07 14:05:05.000,ADMIN,,,Y,177009,625
193130,UNIVERSITAS PROF. DR. MOESTOPO (BERAGAMA),2021-01-01 00:00:00.000,2025-01-01 00:00:00.000,Y,,2025-10-07 16:37:39.000,ADMIN,,,Y,177026,625
193068,SMA KOLESE GONZAGA,2019-01-01 00:00:00.000,2022-01-01 00:00:00.000,Y,lulus,2025-10-07 17:24:40.000,ADMIN,,,Y,177030,1630
192785,UNIVERSITAS PALANGKARAYA,2020-01-01 00:00:00.000,2016-01-01 00:00:00.000,Y,FAKULTAS EKONOMI,2025-10-01 10:12:37.000,ADMIN,,,Y,176694,625
192787,UPH,2025-01-01 00:00:00.000,2025-01-01 00:00:00.000,Y,,2025-10-01 10:22:20.000,ADMIN,,,Y,176695,625
192791,SMUK SISWARTA,1992-01-01 00:00:00.000,2004-01-01 00:00:00.000,Y,,2025-10-01 10:52:44.000,ADMIN,,,Y,176700,1630
192792,SMA ROKAN HULU,2002-01-01 00:00:00.000,2005-01-01 00:00:00.000,Y,LULUS,2025-10-01 11:00:19.000,ADMIN,,,Y,176701,1630
192794,BINUS,2006-01-01 00:00:00.000,2010-01-01 00:00:00.000,Y,BINUS,2025-10-01 11:31:13.000,ADMIN,,,Y,176703,625
192819,SMA,1996-01-01 00:00:00.000,1999-01-01 00:00:00.000,Y,,2025-10-01 15:30:57.000,ADMIN,,,Y,176725,1630
192938,COLLIN COLLEGE,2006-01-01 00:00:00.000,2014-01-01 00:00:00.000,Y,LULUS,2025-10-03 16:55:41.000,ADMIN,,,Y,176843,623
192939,SMKS LKIA,2023-01-01 00:00:00.000,2025-01-01 00:00:00.000,Y,LULUS,2025-10-03 17:25:29.000,ADMIN,,,Y,176845,1630
192952,SMA PASUNDAN 2 BANDUNG,2010-01-01 00:00:00.000,2012-01-01 00:00:00.000,Y,,2025-10-03 21:25:23.000,ADMIN,,,Y,176859,1630
193048,UNIVERSITAS KATOLIK PARAHYANGAN,2021-01-01 00:00:00.000,2025-01-01 00:00:00.000,Y,LULUS,2025-10-06 17:46:53.000,ADMIN,,,Y,176956,625
193158,Universitas Gadjah Mada,2010-01-01 00:00:00.000,2018-01-01 00:00:00.000,Y,Sosiologi,2025-10-07 22:20:34.000,ADMIN,,,Y,177055,625
193168,TARUMANEGARA,1998-01-01 00:00:00.000,2002-01-01 00:00:00.000,Y,LULUS,2025-10-08 08:44:59.000,ADMIN,,,Y,177064,625
193169,SMA KARIMUN,2020-01-01 00:00:00.000,2023-01-01 00:00:00.000,Y,,2025-10-08 09:45:22.000,ADMIN,,,Y,177066,1630
193150,SMA KRISTEN PENABUR KOTA JABABEKA,2022-01-01 00:00:00.000,2025-01-01 00:00:00.000,Y,,2025-10-07 20:09:03.000,ADMIN,,,Y,177047,1630
193172,IISIP,2001-01-01 00:00:00.000,2005-01-01 00:00:00.000,Y,,2025-10-08 11:00:44.000,ADMIN,,,Y,177069,625
193192,SMA SURABAYA,2022-01-01 00:00:00.000,2024-01-01 00:00:00.000,Y,,2025-10-08 14:26:39.000,ADMIN,,,Y,177085,1630
193187,SMA RICCI 2,2022-01-01 00:00:00.000,2025-01-01 00:00:00.000,Y,,2025-10-08 14:27:36.000,ADMIN,,,Y,177086,1630
193197,SMA 1 LAHAT,2022-01-01 00:00:00.000,2025-01-01 00:00:00.000,Y,,2025-10-08 15:20:26.000,ADMIN,,,Y,177089,1630
193017,TEKNIK INFORMATIKA,2021-01-01 00:00:00.000,2025-01-01 00:00:00.000,Y,,2025-10-06 09:48:18.000,ADMIN,,,Y,176921,625
193024,SMA BANDUNG,2017-01-01 00:00:00.000,2020-01-01 00:00:00.000,Y,,2025-10-06 12:12:45.000,ADMIN,,,Y,176929,1630
193053,MAN SIBOLGA,2020-01-01 00:00:00.000,2023-01-01 00:00:00.000,Y,TAMAT,2025-10-06 19:03:18.000,ADMIN,,,Y,176960,1630
192958,UNIVERSITAS KATOLIK PARAHYANGAN,2015-01-01 00:00:00.000,2019-01-01 00:00:00.000,Y,,2025-10-06 20:02:55.000,ADMIN,,,Y,176964,625
193093,SMU MANADO,2021-01-01 00:00:00.000,2024-01-01 00:00:00.000,Y,LULUS,2025-10-07 12:07:47.000,ADMIN,,,Y,176992,1630
192932,INSTITUT TEKNOLOGI HARAPAN BANGSA,2016-01-01 00:00:00.000,2023-01-01 00:00:00.000,Y,SARJANA INFORMATIKA,2025-10-03 16:05:07.000,ADMIN,,,Y,176837,625
193136,UNIVERSITY NEW SOUTH WALES,2021-01-01 00:00:00.000,2024-01-01 00:00:00.000,Y,,2025-10-07 17:53:02.000,ADMIN,,,Y,177034,623
193139,SUTOMO 2,2021-01-01 00:00:00.000,2023-01-01 00:00:00.000,Y,,2025-10-07 17:58:15.000,ADMIN,,,Y,177035,1630
193137,UNIKA ATMA JAYA,2021-01-01 00:00:00.000,2025-01-01 00:00:00.000,Y,MANAJEMEN,2025-10-07 18:02:36.000,ADMIN,,,Y,177036,625
193143,Universitas Andalas,2018-01-01 00:00:00.000,2024-01-01 00:00:00.000,Y,,2025-10-07 18:08:43.000,ADMIN,,,Y,177038,625
193144,UNIVERSITAS DIPONEGORO,2003-01-01 00:00:00.000,2005-01-01 00:00:00.000,Y,MAGISTER MANAJEMEN,2025-10-07 18:25:34.000,ADMIN,,,Y,177041,626
193146,UNIVERSITAS BRAWIJAYA,2009-01-01 00:00:00.000,2014-01-01 00:00:00.000,Y,,2025-10-07 18:28:17.000,ADMIN,,,Y,177042,625
193145,Institut Teknologi Bandung,2019-01-01 00:00:00.000,2023-01-01 00:00:00.000,Y,Teknik Lingkungan,2025-10-07 18:28:59.000,ADMIN,,,Y,177043,625
193148,Universitas Islam Negeri Syarif Hidayatullah,2013-01-01 00:00:00.000,2017-01-01 00:00:00.000,Y,Sarjana Ilmu Hukum,2025-10-07 19:22:43.000,ADMIN,,,Y,177044,625
193147,TRISAKTI,2018-01-01 00:00:00.000,2022-01-01 00:00:00.000,Y,,2025-10-07 19:27:34.000,ADMIN,,,Y,177045,625
193153,SMU ISLAM BANDAR LAMPUNG,2022-01-01 00:00:00.000,2025-01-01 00:00:00.000,Y,LULUS,2025-10-07 20:54:34.000,ADMIN,,,Y,177049,1630
193152,Universitas Islam Negeri Sunan Kalijaga Yogyakarta,2017-01-01 00:00:00.000,2024-01-01 00:00:00.000,Y,Jurusan Biologi,2025-10-07 20:55:20.000,ADMIN,,,Y,177050,625
193155,RMIT University,2011-01-01 00:00:00.000,2015-01-01 00:00:00.000,Y,Bachelor of Business,2025-10-07 21:23:41.000,ADMIN,,,Y,177051,625
193157,INSTITUT BISNIS DAN MULTIMEDIA ASMI,2022-01-01 00:00:00.000,2025-01-01 00:00:00.000,Y,SEDANG KULIAH,2025-10-07 22:25:18.000,ADMIN,,,Y,177056,625
193162,SMA BINA KARYA,1989-01-01 00:00:00.000,1992-01-01 00:00:00.000,Y,,2025-10-07 22:59:00.000,ADMIN,,,Y,177058,1630
192904,SMK PATRIA WISATA,2022-01-01 00:00:00.000,2025-01-01 00:00:00.000,Y,LULUS,2025-10-02 21:44:14.000,ADMIN,,,Y,176811,1630
192914,UNIVERSITAS MERCUBUANA,2012-01-01 00:00:00.000,2018-01-01 00:00:00.000,Y,,2025-10-05 21:54:55.000,ADMIN,,,Y,176910,625
192760,UNIVERSITAS INDONESIA,2019-01-01 00:00:00.000,2023-01-01 00:00:00.000,Y,,2025-10-05 22:58:06.000,ADMIN,,,Y,176913,625
193013,SMA NEGERI 1 HARAU,2022-01-01 00:00:00.000,2025-01-01 00:00:00.000,Y,,2025-10-06 00:18:28.000,ADMIN,,,Y,176916,1630
193072,ITB,2006-01-01 00:00:00.000,2010-01-01 00:00:00.000,Y,,2025-10-06 22:49:03.000,ADMIN,,,Y,176976,625
192850,SMU BATAM,2021-01-01 00:00:00.000,2023-01-01 00:00:00.000,Y,,2025-10-02 08:04:14.000,ADMIN,,,Y,176759,1630
192860,SMA SUKOHARJO,2015-01-01 00:00:00.000,2018-01-01 00:00:00.000,Y,,2025-10-02 10:48:52.000,ADMIN,,,Y,176770,1630
192863,PETRA,1999-01-01 00:00:00.000,2004-01-01 00:00:00.000,Y,,2025-10-02 10:56:55.000,ADMIN,,,Y,176772,625
192915,SMA MEDAN,2015-01-01 00:00:00.000,2017-01-01 00:00:00.000,Y,,2025-10-03 09:53:34.000,ADMIN,,,Y,176820,1630
192951,UKP,2016-01-01 00:00:00.000,2020-01-01 00:00:00.000,Y,,2025-10-03 21:17:44.000,ADMIN,,,Y,176858,625
192919,SMU PASURUAN,2021-01-01 00:00:00.000,2023-01-01 00:00:00.000,Y,,2025-10-03 11:08:55.000,ADMIN,,,Y,176822,1630
192967,SMA SUNGAILIAT,2019-01-01 00:00:00.000,2024-01-01 00:00:00.000,Y,LULUS,2025-10-04 10:02:22.000,ADMIN,,,Y,176869,1630
192968,UNIVERSITAS TARUMANEGARA,2012-01-01 00:00:00.000,2016-01-01 00:00:00.000,Y,JURUSAN AKUNTANSI,2025-10-04 11:00:47.000,ADMIN,,,Y,176873,625
192973,Universitas Gadjah Mada,2015-01-01 00:00:00.000,2019-01-01 00:00:00.000,Y,,2025-10-04 12:00:40.000,ADMIN,,,Y,176875,625
192941,"UNIVERSITAS PEMBANGUNAN NASIONAL ""VETERAN"" JAWA TIMUR",2020-01-01 00:00:00.000,2024-01-01 00:00:00.000,Y,S.M,2025-10-03 17:34:27.000,ADMIN,,,Y,176849,625
192944,"JAKARTA ,1",1997-01-01 00:00:00.000,2001-01-01 00:00:00.000,Y,,2025-10-03 18:39:56.000,ADMIN,,,Y,176852,625
192949,UNIVERSITAS KRISTEN BEKASI,2018-01-01 00:00:00.000,2022-01-01 00:00:00.000,Y,LULUS,2025-10-03 20:02:25.000,ADMIN,,,Y,176856,625
192948,ATMA JAYA,2002-01-01 00:00:00.000,2008-01-01 00:00:00.000,Y,LULUS,2025-10-03 20:04:03.000,ADMIN,,,Y,176857,625
192874,I Shou University,2014-01-01 00:00:00.000,2018-01-01 00:00:00.000,Y,,2025-10-05 23:53:34.000,ADMIN,,,Y,176915,625
193079,Universitas Indonesia,2010-01-01 00:00:00.000,2016-01-01 00:00:00.000,Y,Fakultas Kedokteran Gigi,2025-10-07 09:10:27.000,ADMIN,,,Y,176981,625
193085,BAKRIE UNIVERSITY,2017-01-01 00:00:00.000,2020-01-01 00:00:00.000,Y,,2025-10-07 10:43:42.000,ADMIN,,,Y,176985,625
192799,UNIVERSITAS PADJADJARAN,2016-01-01 00:00:00.000,2018-01-01 00:00:00.000,Y,,2025-10-01 12:04:13.000,ADMIN,,,Y,176706,626
192830,UNIVERSITAS BAKRIE,2013-01-01 00:00:00.000,2017-01-01 00:00:00.000,Y,,2025-10-01 18:00:57.000,ADMIN,,,Y,176735,625
192854,IPB,1999-01-01 00:00:00.000,2003-01-01 00:00:00.000,Y,LULUS,2025-10-02 09:46:18.000,ADMIN,,,Y,176763,623
192928,SMA BERASTAGI,2006-01-01 00:00:00.000,2009-01-01 00:00:00.000,Y,SMA,2025-10-03 14:59:57.000,ADMIN,,,Y,176832,1630
192871,SMK JAYAWISATA 2,2008-01-01 00:00:00.000,2011-01-01 00:00:00.000,Y,,2025-10-03 15:54:20.000,ADMIN,,,Y,176836,1630
192931,UNIVERSITAS DIPONEGORO,2007-01-01 00:00:00.000,2011-01-01 00:00:00.000,Y,,2025-10-03 16:05:15.000,ADMIN,,,Y,176838,625
193118,UPN VETERAN JAWA TIMUR ,2022-01-01 00:00:00.000,2025-01-01 00:00:00.000,Y,,2025-10-07 14:57:24.000,ADMIN,,,Y,177016,625
193120,SEKOLAH TINNGI ILMU KOMPUTER MEDAN,2017-01-01 00:00:00.000,2021-01-01 00:00:00.000,Y,,2025-10-07 15:09:11.000,ADMIN,,,Y,177018,625
193133,SMA JEMBER,2022-01-01 00:00:00.000,2024-01-01 00:00:00.000,Y,,2025-10-07 17:17:28.000,ADMIN,,,Y,177029,1630
193135,INSTITUT TEKNOLOGI BANDUNG,2017-01-01 00:00:00.000,2020-01-01 00:00:00.000,Y,,2025-10-07 17:47:20.000,ADMIN,,,Y,177033,626
193167,UNIVERSITAS KLABAT,2021-01-01 00:00:00.000,2024-01-01 00:00:00.000,Y,,2025-10-08 09:35:57.000,ADMIN,,,Y,177065,625
193182,SMA LUWU TIMUR,2020-01-01 00:00:00.000,2023-01-01 00:00:00.000,Y,SMA LUWU TIMUR,2025-10-08 12:14:16.000,ADMIN,,,Y,177077,1630
193184,SMK BANGKA BELITUNG,2022-01-01 00:00:00.000,2025-01-01 00:00:00.000,Y,LULUS,2025-10-08 12:42:34.000,ADMIN,,,Y,177079,1630
193190,SMK Negeri 1 Leihitu,2014-01-01 00:00:00.000,2017-01-01 00:00:00.000,Y,,2025-10-08 14:12:20.000,ADMIN,,,Y,177083,1630
193067,INSTITUT TEKNOLOGI SUMATERA,2020-01-01 00:00:00.000,2024-01-01 00:00:00.000,Y,,2025-10-06 21:42:28.000,ADMIN,,,Y,176972,625
192808,UNIVERSITAS GADJAH MADA,2010-01-01 00:00:00.000,2014-01-01 00:00:00.000,Y,,2025-10-01 14:18:33.000,ADMIN,,,Y,176716,625
191995,smaq al - ihsan,2019-01-01 00:00:00.000,2021-01-01 00:00:00.000,Y,siswa,2025-10-01 21:31:43.000,ADMIN,,,Y,176748,1630
192858,SMU BANGKA BELITUNG,2020-01-01 00:00:00.000,2023-01-01 00:00:00.000,Y,,2025-10-02 10:25:32.000,ADMIN,,,Y,176766,1630
192857,UTS,2011-01-01 00:00:00.000,2015-01-01 00:00:00.000,Y,,2025-10-02 10:25:40.000,ADMIN,,,Y,176767,625
193018,UNIVERSITAS PETRA SURABAYA,2005-01-01 00:00:00.000,2009-01-01 00:00:00.000,Y,,2025-10-06 10:26:22.000,ADMIN,,,Y,176924,625
193022,SMA N 1 KOTA JAMBI,2017-01-01 00:00:00.000,2020-01-01 00:00:00.000,Y,,2025-10-06 11:36:00.000,ADMIN,,,Y,176927,1630
192816,UNIVERSITAS SEBELAS MARET,2013-01-01 00:00:00.000,2017-01-01 00:00:00.000,Y,,2025-10-01 15:28:52.000,ADMIN,,,Y,176724,625
192946,UNIVERSITAS BRAWIJAYA,2013-01-01 00:00:00.000,2017-01-01 00:00:00.000,Y,,2025-10-03 19:23:29.000,ADMIN,,,Y,176853,625
192966,STIE Pasundan,2022-01-01 00:00:00.000,2025-01-01 00:00:00.000,Y,,2025-10-04 10:46:30.000,ADMIN,,,Y,176871,625
193098,UNIVERSITAS TELKOM BANDUNG,2020-01-01 00:00:00.000,2024-01-01 00:00:00.000,Y,,2025-10-07 12:32:03.000,ADMIN,,,Y,176995,625
193134,ALMASOEN,2014-01-01 00:00:00.000,2017-01-01 00:00:00.000,Y,,2025-10-07 17:45:25.000,ADMIN,,,Y,177032,1630
192758,AKPINDO,2018-01-01 00:00:00.000,2022-01-01 00:00:00.000,Y,PARIWISATA,2025-10-04 20:30:00.000,ADMIN,,,Y,176893,625
193006,PRASETYA MULYA,2000-01-01 00:00:00.000,2002-01-01 00:00:00.000,Y,LULUS,2025-10-05 18:15:31.000,ADMIN,,,Y,176907,626
193043,STAI PELABUHAN RATU,2008-01-01 00:00:00.000,2012-01-01 00:00:00.000,Y,LULUS,2025-10-06 16:28:47.000,ADMIN,,,Y,176948,625
193051,SMA PGRI KOTABARU,1980-01-01 00:00:00.000,1992-01-01 00:00:00.000,Y,,2025-10-06 19:55:41.000,ADMIN,,,Y,176963,1630
193062,UNIVERSITAS ATMA JAYA,2012-01-01 00:00:00.000,2016-01-01 00:00:00.000,Y,,2025-10-06 20:24:41.000,ADMIN,,,Y,176968,625
193084,SMA BANDUNG,2020-01-01 00:00:00.000,2022-01-01 00:00:00.000,Y,,2025-10-07 10:07:42.000,ADMIN,,,Y,176983,1630
193089,BINUS,2020-01-01 00:00:00.000,2024-01-01 00:00:00.000,Y,LULUS,2025-10-07 11:36:46.000,ADMIN,,,Y,176989,625
193103,PMM SCHOOL OF MANAGEMENT,2019-01-01 00:00:00.000,2023-01-01 00:00:00.000,Y,,2025-10-07 13:34:22.000,ADMIN,,,Y,177003,625
193110,SMAK KARUNIA ,2022-01-01 00:00:00.000,2025-01-01 00:00:00.000,Y,,2025-10-07 14:03:51.000,ADMIN,,,Y,177008,1630
193201,Tilburg University,2012-01-01 00:00:00.000,2013-01-01 00:00:00.000,Y,LULUS,2025-10-08 16:17:54.000,ADMIN,,,Y,177094,626
192807,SMU ISLAM TERPADU DARUSSALAM TASIKMALAYA,2016-01-01 00:00:00.000,2019-01-01 00:00:00.000,Y,,2025-10-01 14:17:45.000,ADMIN,,,Y,176715,1630
192811,UIN SYAHADA PADANGSIDIMPUAN,2017-01-01 00:00:00.000,2022-01-01 00:00:00.000,Y,,2025-10-01 14:32:32.000,ADMIN,,,Y,176717,625
192814,Universitas Budi Luhur,2014-01-01 00:00:00.000,2019-01-01 00:00:00.000,Y,Manajemen,2025-10-01 14:40:15.000,ADMIN,,,Y,176721,625
192812,UNIKA ATMA JAYA,2002-01-01 00:00:00.000,2008-01-01 00:00:00.000,Y,,2025-10-01 14:42:17.000,ADMIN,,,Y,176722,625
192815,SMA JAKARTA,1997-01-01 00:00:00.000,2000-01-01 00:00:00.000,Y,,2025-10-01 14:58:56.000,ADMIN,,,Y,176723,1630
192890,BINA NUSANTARA,2013-01-01 00:00:00.000,2017-01-01 00:00:00.000,Y,,2025-10-02 18:30:17.000,ADMIN,,,Y,176799,625
192859,SMU LAMPUNG,2022-01-01 00:00:00.000,2025-01-01 00:00:00.000,Y,LULUS,2025-10-02 10:29:40.000,ADMIN,,,Y,176768,1630
192869,UNIV SUMATRA USU,1974-01-01 00:00:00.000,1978-01-01 00:00:00.000,Y,LULUS,2025-10-02 12:13:52.000,ADMIN,,,Y,176778,625
192877,SMA CINTA KASIH TZU CHI ,2022-01-01 00:00:00.000,2025-01-01 00:00:00.000,Y,,2025-10-02 14:12:03.000,ADMIN,,,Y,176783,1630
193128,UNIVERSITAS GUNADHARMA,2011-01-01 00:00:00.000,2015-01-01 00:00:00.000,Y,,2025-10-07 16:22:05.000,ADMIN,,,Y,177024,625
192843,NATIONAL UNIVERSITY OF SINGAPORE,2021-01-01 00:00:00.000,2023-01-01 00:00:00.000,Y,,2025-10-01 21:42:37.000,ADMIN,,,Y,176749,626
192842,SMK NEGERI 1 SUNGAI LIAT,2019-01-01 00:00:00.000,2022-01-01 00:00:00.000,Y,,2025-10-01 21:43:00.000,ADMIN,,,Y,176750,1630
192975,Institut Teknologi Nasional Bandung,2022-01-01 00:00:00.000,2025-01-01 00:00:00.000,Y,,2025-10-05 13:02:05.000,ADMIN,,,Y,176901,625
193001,UNIVERSITAS TERBUKA,2020-01-01 00:00:00.000,2024-01-01 00:00:00.000,Y,,2025-10-05 13:11:37.000,ADMIN,,,Y,176902,625
193002,UNIVERSITAS BINA SARANA INFORMATIKA,2015-01-01 00:00:00.000,2019-01-01 00:00:00.000,Y,JURUSAN  FILM DAN TELEVISI,2025-10-05 14:31:57.000,ADMIN,,,Y,176903,623
193015,univ mulawarman,1996-01-01 00:00:00.000,1999-01-01 00:00:00.000,Y,lulus,2025-10-06 04:39:54.000,ADMIN,,,Y,176919,625
193156,PRESIDENT UNIVERSITY,2015-01-01 00:00:00.000,2020-01-01 00:00:00.000,Y,,2025-10-07 21:38:36.000,ADMIN,,,Y,177053,625
193164,UNIVERSITAS BRAWIJAYA,2012-01-01 00:00:00.000,2015-01-01 00:00:00.000,Y,,2025-10-08 07:01:44.000,ADMIN,,,Y,177060,625
192865,SMU JAKARTA,2021-01-01 00:00:00.000,2024-01-01 00:00:00.000,Y,LULUS,2025-10-02 11:26:23.000,ADMIN,,,Y,176773,1630
192985,SMA 1 MEDAN,2022-01-01 00:00:00.000,2025-01-01 00:00:00.000,Y,,2025-10-04 16:15:17.000,ADMIN,,,Y,176886,1630
193030,PRESIDENT UNIVERSITY,2025-01-01 00:00:00.000,2025-01-01 00:00:00.000,Y,,2025-10-06 13:33:37.000,ADMIN,,,Y,176935,625
193044,UNIVERSITAS TARUMANEGARA,2014-01-01 00:00:00.000,2018-01-01 00:00:00.000,Y,JURUSAN AKUTANSI,2025-10-06 16:33:22.000,ADMIN,,,Y,176949,625
193077,SMA KALAM KUDUS ,2022-01-01 00:00:00.000,2025-01-01 00:00:00.000,Y,,2025-10-07 13:15:12.000,ADMIN,,,Y,177000,1630
193100,SWISS GERMAN UNIVERSITY,2004-01-01 00:00:00.000,2008-01-01 00:00:00.000,Y,,2025-10-07 13:18:58.000,ADMIN,,,Y,177001,625
192881,SMA,2022-01-01 00:00:00.000,2024-01-01 00:00:00.000,Y,LULUS,2025-10-02 16:39:30.000,ADMIN,,,Y,176791,1630
192974,universitas sunan giri  surabaya,2022-01-01 00:00:00.000,2024-01-01 00:00:00.000,Y,lulus,2025-10-04 12:24:26.000,ADMIN,,,Y,176876,626
192979,UNIVERSITAS KRISTEN PETRA,2016-01-01 00:00:00.000,2022-01-01 00:00:00.000,Y,,2025-10-04 16:12:58.000,ADMIN,,,Y,176885,625
193011,UNIV ISLAM INDONESIA ,2000-01-01 00:00:00.000,2004-01-01 00:00:00.000,Y,TEHNIK INDUSTRI,2025-10-05 22:41:36.000,ADMIN,,,Y,176912,625
193176,SMA DENPASAR,2022-01-01 00:00:00.000,2024-01-01 00:00:00.000,Y,,2025-10-08 11:16:55.000,ADMIN,,,Y,177071,1630
192838,POLITEKNIK NEGERI INDONESIA,2021-01-01 00:00:00.000,2024-01-01 00:00:00.000,Y,,2025-10-01 20:31:47.000,ADMIN,,,Y,176743,623
193056,Universitas Terbuka,2023-01-01 00:00:00.000,2025-01-01 00:00:00.000,Y,MASIH BERLANGSUNG,2025-10-06 19:20:57.000,ADMIN,,,Y,176961,1630
193063,SAMPOERNA UNIVERSITY,2025-01-01 00:00:00.000,2025-01-01 00:00:00.000,Y,VCD,2025-10-06 20:52:21.000,ADMIN,,,Y,176969,625
193064,POLITEKNIK NEGERI SRIWIJAYA,2025-01-01 00:00:00.000,2025-01-01 00:00:00.000,Y,LULUS,2025-10-06 20:52:35.000,ADMIN,,,Y,176970,625
193065,BINUS UNIVERSITY,2020-01-01 00:00:00.000,2024-01-01 00:00:00.000,Y,MANAJEMEN,2025-10-06 21:16:47.000,ADMIN,,,Y,176971,625
193071,UNIVERSITAS ATMA JAYA,2005-01-01 00:00:00.000,2009-01-01 00:00:00.000,Y,LULUS,2025-10-06 22:39:32.000,ADMIN,,,Y,176975,625
193075,STIE TRISAKTI,1991-01-01 00:00:00.000,1995-01-01 00:00:00.000,Y,,2025-10-07 07:40:44.000,ADMIN,,,Y,176978,625
193104,TRISAKTI,2013-01-01 00:00:00.000,2017-01-01 00:00:00.000,Y,,2025-10-07 13:40:52.000,ADMIN,,,Y,177004,625
193123,universitas hasanuddin,2020-01-01 00:00:00.000,2024-01-01 00:00:00.000,Y,,2025-10-07 15:39:19.000,ADMIN,,,Y,177020,625
193138,UNIVERSITAS BRAWIJAYA,2015-01-01 00:00:00.000,2019-01-01 00:00:00.000,Y,LULUS,2025-10-07 18:07:48.000,ADMIN,,,Y,177037,625
192802,SMA Negeri 1 Muntok,2019-01-01 00:00:00.000,2022-01-01 00:00:00.000,Y,,2025-10-01 13:12:24.000,ADMIN,,,Y,176710,1630
192804,Universitas Atma Jaya,2017-01-01 00:00:00.000,2021-01-01 00:00:00.000,Y,Teknik Industri,2025-10-01 13:22:41.000,ADMIN,,,Y,176711,625
192691,MEDAN BARU,1974-01-01 00:00:00.000,1977-01-01 00:00:00.000,Y,,2025-10-02 17:06:55.000,ADMIN,,,Y,176794,1630
192401,UNIVERSITAS KALBIS,2023-01-01 00:00:00.000,2025-01-01 00:00:00.000,Y,,2025-10-05 23:07:37.000,ADMIN,,,Y,176914,625
193095,UNIVERSITAS PELITA HARAPAN,2001-01-01 00:00:00.000,2005-01-01 00:00:00.000,Y,LULUS,2025-10-07 12:19:46.000,ADMIN,,,Y,176994,625
193189,UNIVERSITAS AL-AZHAR KAIRO,2015-01-01 00:00:00.000,2019-01-01 00:00:00.000,Y,SASTRA ARAB,2025-10-08 14:10:22.000,ADMIN,,,Y,177082,625
192793,UNIVERSITAS PADJADJARAN,2013-01-01 00:00:00.000,2017-01-01 00:00:00.000,Y,,2025-10-01 11:11:51.000,ADMIN,,,Y,176702,625
192878,SMA DUMAI,2019-01-01 00:00:00.000,2022-01-01 00:00:00.000,Y,,2025-10-02 14:27:09.000,ADMIN,,,Y,176784,627
192879,SMA NEGERI 1 MEDAN JOHOR,1964-01-01 00:00:00.000,1976-01-01 00:00:00.000,Y,LULUS,2025-10-02 14:27:39.000,ADMIN,,,Y,176785,1630
192883,SMK N 4 MEDAN,2003-01-01 00:00:00.000,2006-01-01 00:00:00.000,Y,,2025-10-02 15:45:56.000,ADMIN,,,Y,176790,1630
192884,UPHC,2021-01-01 00:00:00.000,2023-01-01 00:00:00.000,Y,,2025-10-02 16:54:47.000,ADMIN,,,Y,176793,1630
192891,STIE IBBI,2002-01-01 00:00:00.000,2006-01-01 00:00:00.000,Y,,2025-10-02 18:21:08.000,ADMIN,,,Y,176798,625
192892,SMA BATAM,2017-01-01 00:00:00.000,2019-01-01 00:00:00.000,Y,,2025-10-02 18:46:43.000,ADMIN,,,Y,176800,1630
192896,SMA KRISTEN KALAM KUDUS 2 JAKARTA,2022-01-01 00:00:00.000,2025-01-01 00:00:00.000,Y,PELAJAR,2025-10-02 20:16:38.000,ADMIN,,,Y,176803,1630
192894,UNIVERSITAS PADJADJARAN,2008-01-01 00:00:00.000,2014-01-01 00:00:00.000,Y,ILMU HUKUM,2025-10-02 20:16:51.000,ADMIN,,,Y,176804,625
192935,Federation University Australia,2009-01-01 00:00:00.000,2013-01-01 00:00:00.000,Y,Hospitality management,2025-10-03 17:37:35.000,ADMIN,,,Y,176850,625
192809,SMK DEWI SARTIKA,2017-01-01 00:00:00.000,2020-01-01 00:00:00.000,Y,,2025-10-01 14:34:54.000,ADMIN,,,Y,176719,1630
192803,UNIVERSITAS LAMPUNG,2008-01-01 00:00:00.000,2012-01-01 00:00:00.000,Y,HUKUM PERDATA,2025-10-02 15:18:24.000,ADMIN,,,Y,176789,625
192912,SMU BATAM,2021-01-01 00:00:00.000,2023-01-01 00:00:00.000,Y,,2025-10-03 08:29:40.000,ADMIN,,,Y,176818,1630
193003,UNIVERSITAS PALEMBANG,2008-01-01 00:00:00.000,2010-01-01 00:00:00.000,Y,,2025-10-05 16:21:41.000,ADMIN,,,Y,176904,625
193039,UNIVERSITAS SARI MUTIARA,1999-01-01 00:00:00.000,2002-01-01 00:00:00.000,Y,LULUS,2025-10-06 15:36:08.000,ADMIN,,,Y,176943,623
192954,UNIVERSITAS ANDALAS,2011-01-01 00:00:00.000,2019-01-01 00:00:00.000,Y,KEDOKTERAN UMUM,2025-10-03 22:04:09.000,ADMIN,,,Y,176861,625
193097,UNIVERSITAS TARUMANEGARA,2018-01-01 00:00:00.000,2021-01-01 00:00:00.000,Y,,2025-10-07 12:36:12.000,ADMIN,,,Y,176996,625
193096,SMA MUHAMMADIYAH,1994-01-01 00:00:00.000,1997-01-01 00:00:00.000,Y,LULUS,2025-10-07 12:36:26.000,ADMIN,,,Y,176997,1630
192976,Penabur Cirebon,2022-01-01 00:00:00.000,2024-01-01 00:00:00.000,Y,SMA Penabur,2025-10-04 13:29:18.000,ADMIN,,,Y,176877,1630
193004,UNIV MULTIMEDIA NUSANTARA,2019-01-01 00:00:00.000,2023-01-01 00:00:00.000,Y,,2025-10-05 16:35:53.000,ADMIN,,,Y,176905,625
193005,SMU MUHAMMADIYAH 1,2011-01-01 00:00:00.000,2014-01-01 00:00:00.000,Y,,2025-10-05 18:04:25.000,ADMIN,,,Y,176906,1630
192786,UNIVERSITAS ANDALAS,2018-01-01 00:00:00.000,2022-01-01 00:00:00.000,Y,,2025-10-01 10:24:50.000,ADMIN,,,Y,176696,625
192924,SMA PALEMBANG,2016-01-01 00:00:00.000,2019-01-01 00:00:00.000,Y,,2025-10-03 13:17:30.000,ADMIN,,,Y,176828,1630
192927,UNIVERSITY OF THE WEST OF ENGLAND,2022-01-01 00:00:00.000,2023-01-01 00:00:00.000,Y,,2025-10-03 14:45:54.000,ADMIN,,,Y,176831,625
192955,INSTITUT TEKNOLOGI 10 NOPEMBER SURABAYA,2017-01-01 00:00:00.000,2022-01-01 00:00:00.000,Y,DESIGN KOMUNIKASI VISUAL,2025-10-03 22:37:40.000,ADMIN,,,Y,176862,625
192822,UNIVERSITAS PALANGKARAYA,2006-01-01 00:00:00.000,2010-01-01 00:00:00.000,Y,FAKULTAS EKONOMI,2025-10-01 17:17:13.000,ADMIN,,,Y,176731,625
192984,PKN STAN,2015-01-01 00:00:00.000,2018-01-01 00:00:00.000,Y,,2025-10-04 16:08:35.000,ADMIN,,,Y,176884,623
192990,STIH IBLAM,2021-01-01 00:00:00.000,2025-01-01 00:00:00.000,Y,,2025-10-04 19:06:40.000,ADMIN,,,Y,176890,625
192993,SEKOLAH TINGGI HUKUM BANDUNG,2013-01-01 00:00:00.000,2017-01-01 00:00:00.000,Y,,2025-10-04 21:03:07.000,ADMIN,,,Y,176895,625
192995,UNIVERSITAS UDAYANA,2020-01-01 00:00:00.000,2025-01-01 00:00:00.000,Y,,2025-10-04 22:31:45.000,ADMIN,,,Y,176897,625
193046,UNIVERSITAS MUHAMMADIYAH PURWOKERTO,2009-01-01 00:00:00.000,2014-01-01 00:00:00.000,Y,,2025-10-06 17:35:49.000,ADMIN,,,Y,176954,625
191610,BANDUNG HOTEL SCHOOL ,2007-01-01 00:00:00.000,2009-01-01 00:00:00.000,Y,,2025-10-01 17:19:58.000,ADMIN,,,Y,176733,622
192638,Universitas Pembangunan Nasional Jakarta,2019-01-01 00:00:00.000,2023-01-01 00:00:00.000,Y,Manajemen,2025-10-02 21:10:25.000,ADMIN,,,Y,176809,625
193014,SMK4N BANJARMASIN,2023-01-01 00:00:00.000,2025-01-01 00:00:00.000,Y,LULUS,2025-10-06 00:48:44.000,ADMIN,,,Y,176917,1630
193023,UNIVERSITAS PENDIDIKAN INDONESIA,2018-01-01 00:00:00.000,2023-01-01 00:00:00.000,Y,,2025-10-06 11:49:08.000,ADMIN,,,Y,176928,625
192632,SMA Materdei pamulang,2022-01-01 00:00:00.000,2025-01-01 00:00:00.000,Y,,2025-10-06 12:41:54.000,ADMIN,,,Y,176931,1630
183591,IKIP NEGERI JAKARTA,1995-01-01 00:00:00.000,1999-01-01 00:00:00.000,Y,JURUSAN BIMBINGAN KONSELING,2025-10-06 14:28:06.000,ADMIN,,,Y,176938,625
193035,HOTEL INSTITUTE MONTREUX,1992-01-01 00:00:00.000,1995-01-01 00:00:00.000,Y,INTERNATIONAL HOSPITALITY MANAGEMENT,2025-10-06 14:38:59.000,ADMIN,,,Y,176939,625
193033,UNIVERSITAS BINA SARANA INFORMATIKA,2023-01-01 00:00:00.000,2025-01-01 00:00:00.000,Y,,2025-10-06 14:52:55.000,ADMIN,,,Y,176940,625
193038,UNIVERSITAS PENDIDIKAN INDONESIA,2010-01-01 00:00:00.000,2016-01-01 00:00:00.000,Y,,2025-10-06 15:41:27.000,ADMIN,,,Y,176944,625
192849,UNIVERSITAS KRISTEN PETRA,2002-01-01 00:00:00.000,2006-01-01 00:00:00.000,Y,ILMU KOMUNIKASI,2025-10-02 07:43:09.000,ADMIN,,,Y,176758,625
192824,STIE MALANG KUCECWARA,1993-01-01 00:00:00.000,1997-01-01 00:00:00.000,Y,LULUS,2025-10-02 13:10:57.000,ADMIN,,,Y,176782,625
192980,DHARMA PUTRA,2012-01-01 00:00:00.000,2015-01-01 00:00:00.000,Y,,2025-10-04 14:32:37.000,ADMIN,,,Y,176881,1630
192989,CANDLE TREE SCHOOL,2022-01-01 00:00:00.000,2025-01-01 00:00:00.000,Y,,2025-10-04 18:57:48.000,ADMIN,,,Y,176889,1630
192991,universitas surabaya,2001-01-01 00:00:00.000,2006-01-01 00:00:00.000,Y,lulus,2025-10-04 19:54:05.000,ADMIN,,,Y,176892,625
192997,AL AZHAR MANDIRI PALU,2021-01-01 00:00:00.000,2024-01-01 00:00:00.000,Y,,2025-10-04 23:19:24.000,ADMIN,,,Y,176899,1630
192998,STIKES SEMARANG,2000-01-01 00:00:00.000,2003-01-01 00:00:00.000,Y,RADIOGRAFER,2025-10-05 07:47:44.000,ADMIN,,,Y,176900,623
192778,PUSAT PENGEMBANGAN PARIWISATA ATMAJAYA,2007-01-01 00:00:00.000,2009-01-01 00:00:00.000,Y,,2025-10-01 09:18:40.000,ADMIN,,,Y,176689,622
192782,SMA MEDAN,2017-01-01 00:00:00.000,2020-01-01 00:00:00.000,Y,,2025-10-01 09:37:44.000,ADMIN,,,Y,176690,1630
192783,UNIVERSITAS MUSI,2018-01-01 00:00:00.000,2022-01-01 00:00:00.000,Y,LULUS,2025-10-01 09:46:04.000,ADMIN,,,Y,176691,625
192784,SMA PEMATANGSIANTAR,2018-01-01 00:00:00.000,2021-01-01 00:00:00.000,Y,,2025-10-01 09:50:03.000,ADMIN,,,Y,176692,1630
192543,SLTP N1 EMPANANG ,1997-01-01 00:00:00.000,2000-01-01 00:00:00.000,Y,,2025-10-01 22:32:34.000,ADMIN,,,Y,176754,1630
192846,SMA Negeri 10 Bandung,1988-01-01 00:00:00.000,1991-01-01 00:00:00.000,Y,Lulus,2025-10-01 22:36:52.000,ADMIN,,,Y,176755,1630
193042,SMA Bunda Hati Kudus,2022-01-01 00:00:00.000,2025-01-01 00:00:00.000,Y,,2025-10-06 15:45:20.000,ADMIN,,,Y,176945,1630
193119,UNIVERSITAS PADJADJARAN,2012-01-01 00:00:00.000,2017-01-01 00:00:00.000,Y,,2025-10-07 15:00:45.000,ADMIN,,,Y,177017,625
193154,INSTITUT TEKNOLOGI BANDUNG,2007-01-01 00:00:00.000,2010-01-01 00:00:00.000,Y,SEKOLAH BISNIS MANAJEMEN,2025-10-07 21:25:50.000,ADMIN,,,Y,177052,625
193161,UMN,2019-01-01 00:00:00.000,2022-01-01 00:00:00.000,Y,LULUS,2025-10-07 22:46:15.000,ADMIN,,,Y,177057,625
193191,UNIVERSITAS KRISTEN JAKARTA,2012-01-01 00:00:00.000,2016-01-01 00:00:00.000,Y,LULUS,2025-10-08 14:14:02.000,ADMIN,,,Y,177084,625
192947,UNIVERSITAS BINA NUSANTARA,2018-01-01 00:00:00.000,2022-01-01 00:00:00.000,Y,,2025-10-03 19:55:16.000,ADMIN,,,Y,176854,625
192945,UNIVERSITAS PADJAJARAN,2021-01-01 00:00:00.000,2025-01-01 00:00:00.000,Y,ILMU PEMERINTAHAN,2025-10-03 19:55:30.000,ADMIN,,,Y,176855,625
193114,SMA DWIJENDRA DENPASAR,2021-01-01 00:00:00.000,2024-01-01 00:00:00.000,Y,,2025-10-07 14:41:54.000,ADMIN,,,Y,177014,1630
193159,SMU JAKARTA,2021-01-01 00:00:00.000,2024-01-01 00:00:00.000,Y,LULUS,2025-10-07 22:13:23.000,ADMIN,,,Y,177054,1630
193186,METHODIST6,1990-01-01 00:00:00.000,1988-01-01 00:00:00.000,Y,,2025-10-08 13:31:23.000,ADMIN,,,Y,177080,1630
192796,UNIVERSITAS SRIWIJAYA,2011-01-01 00:00:00.000,2015-01-01 00:00:00.000,Y,,2025-10-01 11:40:07.000,ADMIN,,,Y,176704,625
192906,SDT,2025-01-01 00:00:00.000,2025-01-01 00:00:00.000,Y,,2025-10-02 22:14:41.000,ADMIN,,,Y,176813,625
192907,PERTATAT,2020-01-01 00:00:00.000,2025-01-01 00:00:00.000,Y,KULIAH,2025-10-02 22:22:50.000,ADMIN,,,Y,176814,627
192925,INSTITUTE ASIA,2020-01-01 00:00:00.000,2022-01-01 00:00:00.000,Y,,2025-10-03 13:32:49.000,ADMIN,,,Y,176829,626
192827,PRESIDENT UNIVERSITY,2025-01-01 00:00:00.000,2025-01-01 00:00:00.000,Y,,2025-10-01 17:14:17.000,ADMIN,,,Y,176730,625
192826,UNIVERSITAS MERCU BUANA,2019-01-01 00:00:00.000,2023-01-01 00:00:00.000,Y,LULUS,2025-10-01 17:19:31.000,ADMIN,,,Y,176732,625
192832,INSTITUT TEKNOLOGI SEPULUH NOPEMBER,2017-01-01 00:00:00.000,2021-01-01 00:00:00.000,Y,,2025-10-01 18:21:24.000,ADMIN,,,Y,176737,625
192780,UNIVERSITAS ISLAM NEGERI SYARIF HIDAYATULLAH JAKARTA,2011-01-01 00:00:00.000,2015-01-01 00:00:00.000,Y,,2025-10-01 21:44:42.000,ADMIN,,,Y,176751,625
192844,SMAN MAN 4,2000-01-01 00:00:00.000,2006-01-01 00:00:00.000,Y,,2025-10-01 21:49:40.000,ADMIN,,,Y,176753,1630
192779,UNIVERSITAS KATOLIK PARAHYANGAN,2021-01-01 00:00:00.000,2025-01-01 00:00:00.000,Y,,2025-10-02 05:46:52.000,ADMIN,,,Y,176757,625
192852,SMK MULTIMEDIA ,2021-01-01 00:00:00.000,2024-01-01 00:00:00.000,Y,,2025-10-02 09:02:26.000,ADMIN,,,Y,176761,1630
192853,UIN SYARIF HIDAYATULLAH,2019-01-01 00:00:00.000,2023-01-01 00:00:00.000,Y,,2025-10-02 09:33:24.000,ADMIN,,,Y,176762,625
192856,SMA BANDUNG,2020-01-01 00:00:00.000,2023-01-01 00:00:00.000,Y,,2025-10-02 10:04:41.000,ADMIN,,,Y,176765,1630
192867,SMA JAKARTA,2020-01-01 00:00:00.000,2023-01-01 00:00:00.000,Y,,2025-10-02 11:54:26.000,ADMIN,,,Y,176774,1630
192866,INSTITUT TEKNOLOGI BANDUNG,2002-01-01 00:00:00.000,2008-01-01 00:00:00.000,Y,,2025-10-02 11:58:54.000,ADMIN,,,Y,176775,625
192870,SMU JAKARTA,2022-01-01 00:00:00.000,2025-01-01 00:00:00.000,Y,LULUS,2025-10-02 12:10:09.000,ADMIN,,,Y,176777,1630
192872,UNIV. IBII,2004-01-01 00:00:00.000,2008-01-01 00:00:00.000,Y,,2025-10-02 12:54:28.000,ADMIN,,,Y,176780,625
192873,BINA NUSANTARA,2009-01-01 00:00:00.000,2011-01-01 00:00:00.000,Y,,2025-10-02 12:58:16.000,ADMIN,,,Y,176781,626
192886,SMA MEDAN,2021-01-01 00:00:00.000,2023-01-01 00:00:00.000,Y,,2025-10-02 16:50:54.000,ADMIN,,,Y,176792,1630
192887,UNIVERSITY OF MICHIGAN,2018-01-01 00:00:00.000,2022-01-01 00:00:00.000,Y,,2025-10-02 17:28:37.000,ADMIN,,,Y,176795,625
192888,AZUSA PACIFIC UNIV,1985-01-01 00:00:00.000,1988-01-01 00:00:00.000,Y,,2025-10-02 17:53:51.000,ADMIN,,,Y,176796,625
192898,SMA KRISTEN DHARMA MULYA,2009-01-01 00:00:00.000,2011-01-01 00:00:00.000,Y,,2025-10-02 20:56:15.000,ADMIN,,,Y,176805,1630
192902,TRISAKTI SCHOOL OF MANAGEMENT,2008-01-01 00:00:00.000,2012-01-01 00:00:00.000,Y,,2025-10-02 21:20:50.000,ADMIN,,,Y,176810,625
192903,UNIVERSITAS gUNADARMA,2010-01-01 00:00:00.000,2015-01-01 00:00:00.000,Y,,2025-10-02 21:56:40.000,ADMIN,,,Y,176812,625
192908,TEST,2020-01-01 00:00:00.000,2021-01-01 00:00:00.000,Y,TEST,2025-10-02 22:23:13.000,ADMIN,,,Y,176815,627
192909,TEST,2020-01-01 00:00:00.000,2021-01-01 00:00:00.000,Y,TEWT,2025-10-02 22:27:45.000,ADMIN,,,Y,176816,1630
192911,UNIVERSITAS PANCASILA,2017-01-01 00:00:00.000,2022-01-01 00:00:00.000,Y,,2025-10-03 00:53:15.000,ADMIN,,,Y,176817,625
192916,UNIVERSITAS SAMRATULANGI,2014-01-01 00:00:00.000,2017-01-01 00:00:00.000,Y,,2025-10-03 10:16:59.000,ADMIN,,,Y,176821,625
192920,MENTARI BANGSA MEDAN,2021-01-01 00:00:00.000,2024-01-01 00:00:00.000,Y,,2025-10-03 11:16:13.000,ADMIN,,,Y,176823,1630
192921,INSTITUT SAINS DAN TEKNOLOGI NASIONAL JAKARTA,2016-01-01 00:00:00.000,2020-01-01 00:00:00.000,Y,TEKNIK MESIN,2025-10-03 11:23:31.000,ADMIN,,,Y,176824,623
192748,UKI,1984-01-01 00:00:00.000,1987-01-01 00:00:00.000,Y,,2025-10-03 11:38:18.000,ADMIN,,,Y,176827,625
193125,SMA,2018-01-01 00:00:00.000,2021-01-01 00:00:00.000,Y,,2025-10-07 15:44:26.000,ADMIN,,,Y,177021,1630
193166,UNIVERSITAS KLABAT,2020-01-01 00:00:00.000,2023-01-01 00:00:00.000,Y,PENDIDIKAN BAHASA INGGRIS,2025-10-08 08:30:21.000,ADMIN,,,Y,177061,625
193165,AKBID MEDAN,2008-01-01 00:00:00.000,2010-01-01 00:00:00.000,Y,MEDAN,2025-10-08 08:31:40.000,ADMIN,,,Y,177062,623
193086,SEKERTARIS ,1986-01-01 00:00:00.000,1989-01-01 00:00:00.000,Y,LULUS,2025-10-08 08:33:25.000,ADMIN,,,Y,177063,623
192962,Universitas Tama Jagakarsa,2009-01-01 00:00:00.000,2014-01-01 00:00:00.000,Y,,2025-10-04 06:43:12.000,ADMIN,,,Y,176865,625
192986,SMA 1 MEDAN,2022-01-01 00:00:00.000,2025-01-01 00:00:00.000,Y,,2025-10-04 16:20:05.000,ADMIN,,,Y,176887,1630
193007,SMK Negeri 4 Malang,2022-01-01 00:00:00.000,2025-01-01 00:00:00.000,Y,,2025-10-05 18:50:38.000,ADMIN,,,Y,176908,1630
192833,UNJ,2013-01-01 00:00:00.000,2009-01-01 00:00:00.000,Y,,2025-10-01 18:35:28.000,ADMIN,,,Y,176739,625
193041,SMAK 5 penabur,2022-01-01 00:00:00.000,2025-01-01 00:00:00.000,Y,,2025-10-06 15:48:31.000,ADMIN,,,Y,176946,1630
193112,INSTITUT TEKNOLOGI HARAPAN BANGSA,2017-01-01 00:00:00.000,2021-01-01 00:00:00.000,Y,,2025-10-07 14:29:55.000,ADMIN,,,Y,177012,625
193115,UNIKA ATMA JAYA,2012-01-01 00:00:00.000,2017-01-01 00:00:00.000,Y,FAKULTAS EKONOMI,2025-10-07 14:40:00.000,ADMIN,,,Y,177013,625
193132,UNIVERSITAS INDONESIA,2012-01-01 00:00:00.000,2016-01-01 00:00:00.000,Y,,2025-10-07 16:55:39.000,ADMIN,,,Y,177027,625
193131,UNIVERSITAS,2001-01-01 00:00:00.000,2005-01-01 00:00:00.000,Y,LULUS,2025-10-07 16:56:09.000,ADMIN,,,Y,177028,625
192960,UNIVERSITAS DIPONEGORO,2015-01-01 00:00:00.000,2017-01-01 00:00:00.000,Y,,2025-10-04 02:18:59.000,ADMIN,,,Y,176864,626
193009,SMK BUDILUHUR ,2018-01-01 00:00:00.000,2020-01-01 00:00:00.000,Y,MULTIMEDIA,2025-10-06 01:11:02.000,ADMIN,,,Y,176918,1630
192971,UNIBRAW,1992-01-01 00:00:00.000,1996-01-01 00:00:00.000,Y,LULUS,2025-10-06 10:05:08.000,ADMIN,,,Y,176922,625
193031,SMU JAKARTA,2021-01-01 00:00:00.000,2024-01-01 00:00:00.000,Y,LULUS,2025-10-06 13:36:17.000,ADMIN,,,Y,176936,1630
193177,ST CAROLUS,2001-01-01 00:00:00.000,2004-01-01 00:00:00.000,Y,LULUS,2025-10-08 11:36:50.000,ADMIN,,,Y,177074,1630
193180,UNIVERSITAS WIDYA DHARMA PONTIANAK,2019-01-01 00:00:00.000,2023-01-01 00:00:00.000,Y,,2025-10-08 12:04:53.000,ADMIN,,,Y,177075,625
192825,SWASTA,1982-01-01 00:00:00.000,1985-01-01 00:00:00.000,Y,,2025-10-01 16:40:39.000,ADMIN,,,Y,176729,1630
192829,UTS,2011-01-01 00:00:00.000,2015-01-01 00:00:00.000,Y,,2025-10-01 17:36:37.000,ADMIN,,,Y,176734,625
193012,TRISAKTI,2016-01-01 00:00:00.000,2020-01-01 00:00:00.000,Y,,2025-10-06 11:31:56.000,ADMIN,,,Y,176926,625
193027,SMAN 1 DENPASAR,1986-01-01 00:00:00.000,1989-01-01 00:00:00.000,Y,,2025-10-06 13:28:16.000,ADMIN,,,Y,176934,1630
193036,UNIVERSITAS TARUMANEGARA,2012-01-01 00:00:00.000,2016-01-01 00:00:00.000,Y,JURUSAN AKUNTANSI,2025-10-06 15:01:56.000,ADMIN,,,Y,176941,625
193049,UNIVERSITAS MUHAMADIYAH JAKARTA,2008-01-01 00:00:00.000,2013-01-01 00:00:00.000,Y,,2025-10-06 18:24:49.000,ADMIN,,,Y,176958,625
193057,STP Bandung,2017-01-01 00:00:00.000,2020-01-01 00:00:00.000,Y,,2025-10-06 19:54:32.000,ADMIN,,,Y,176962,623
193069,ASIA UNIVERSITY TAIWAN,2019-01-01 00:00:00.000,2023-01-01 00:00:00.000,Y,,2025-10-06 22:19:29.000,ADMIN,,,Y,176974,625
192837,XAVERIUS,1985-01-01 00:00:00.000,1987-01-01 00:00:00.000,Y,,2025-10-01 20:16:59.000,ADMIN,,,Y,176741,1630
192845,Universitas Udayana,2011-01-01 00:00:00.000,2015-01-01 00:00:00.000,Y,,2025-10-01 21:48:28.000,ADMIN,,,Y,176752,625
192834,STIE HARAPAN,2005-01-01 00:00:00.000,2009-01-01 00:00:00.000,Y,,2025-10-01 18:50:49.000,ADMIN,,,Y,176740,625
193008,SEKOLAH TINGGI AGAMA ISLAM SHALAHUDDIN AL- AYYUBI,2010-01-01 00:00:00.000,2013-01-01 00:00:00.000,Y,SARJANA PENDIDDIKAN ISLAM ( S.Pd.I),2025-10-06 16:40:10.000,ADMIN,,,Y,176950,625
191468,SMU JAKARTA,2021-01-01 00:00:00.000,2023-01-01 00:00:00.000,Y,LULUS,2025-10-06 16:42:56.000,ADMIN,,,Y,176951,1630
192864,UNIV SWADAYA GUNUNG JATI,2011-01-01 00:00:00.000,2014-01-01 00:00:00.000,Y,ADMINISTRASI PUBLIK,2025-10-06 17:10:10.000,ADMIN,,,Y,176952,625
193045,SMAK PENABUR,2018-01-01 00:00:00.000,2021-01-01 00:00:00.000,Y,,2025-10-06 17:19:21.000,ADMIN,,,Y,176953,1630
193047,UNIVERSITAS BINA SARANA INFORMATIKA,2022-01-01 00:00:00.000,2025-01-01 00:00:00.000,Y,,2025-10-06 17:39:54.000,ADMIN,,,Y,176955,625
193050,UNIVERSITAS PAMULANG,2019-01-01 00:00:00.000,2024-01-01 00:00:00.000,Y,,2025-10-06 18:23:01.000,ADMIN,,,Y,176957,625
193052,COLLEGE SPAIN,2015-01-01 00:00:00.000,2019-01-01 00:00:00.000,Y,LULUS,2025-10-06 18:52:36.000,ADMIN,,,Y,176959,621
193087,UNIV STMT TRISAKTI,2010-01-01 00:00:00.000,2013-01-01 00:00:00.000,Y,,2025-10-07 11:09:45.000,ADMIN,,,Y,176987,623
193088,Akademi Bahasa 17 Agustus 1945 Semarang,1997-01-01 00:00:00.000,2000-01-01 00:00:00.000,Y,,2025-10-07 11:10:38.000,ADMIN,,,Y,176988,623
193149,DIPLOMA 3,1988-01-01 00:00:00.000,1990-01-01 00:00:00.000,Y,,2025-10-07 19:46:05.000,ADMIN,,,Y,177046,623
193193,SMA MATARAM,2019-01-01 00:00:00.000,2022-01-01 00:00:00.000,Y,,2025-10-08 14:49:22.000,ADMIN,,,Y,177087,1630
192800,UNTAR,1994-01-01 00:00:00.000,1998-01-01 00:00:00.000,Y,,2025-10-01 12:22:37.000,ADMIN,,,Y,176707,625
192839,UNIVERSITAS SULTAN AGENG TIRTAYASA,2010-01-01 00:00:00.000,2014-01-01 00:00:00.000,Y,,2025-10-01 20:31:25.000,ADMIN,,,Y,176742,625
192835,SMK NEGERI 1 SUNGAI LIAT,2022-01-01 00:00:00.000,2025-01-01 00:00:00.000,Y,,2025-10-01 20:41:53.000,ADMIN,,,Y,176744,1630
192836,STIMIK ATMA LUHUR,2002-01-01 00:00:00.000,2004-01-01 00:00:00.000,Y,,2025-10-01 21:02:01.000,ADMIN,,,Y,176745,623
192994,SMA PGRI 2 BANJARMASIN,1979-01-01 00:00:00.000,1982-01-01 00:00:00.000,Y,IPA,2025-10-04 21:14:17.000,ADMIN,,,Y,176896,1630
192999,MADRASAH ALIYAH DAARUL ULUM PANYAUNGAN,2022-01-01 00:00:00.000,2025-01-01 00:00:00.000,Y,,2025-10-05 20:55:23.000,ADMIN,,,Y,176909,623
193061,UNIVERSITAS TANGERANG,2018-01-01 00:00:00.000,2022-01-01 00:00:00.000,Y,,2025-10-06 20:14:03.000,ADMIN,,,Y,176966,625
192841,UNIVERSITAS INDRAPRASTA PGRI,2017-01-01 00:00:00.000,2021-01-01 00:00:00.000,Y,,2025-10-01 21:03:57.000,ADMIN,,,Y,176746,625
192899,UNI KRISTEN KRIDA WAVANA,2018-01-01 00:00:00.000,2023-01-01 00:00:00.000,Y,JURUSAN MANAJEMEN RESIKO,2025-10-02 21:08:41.000,ADMIN,,,Y,176808,626
192937,SMA XAVERIUS 2 JAMBI,1998-01-01 00:00:00.000,2000-01-01 00:00:00.000,Y,,2025-10-03 16:30:37.000,ADMIN,,,Y,176841,1630
192977,UNIVERSITAS MERCU BUANA,2018-01-01 00:00:00.000,2023-01-01 00:00:00.000,Y,HUMAS,2025-10-04 13:49:27.000,ADMIN,,,Y,176879,625
192987,SMA NEGERI 9,2011-01-01 00:00:00.000,2014-01-01 00:00:00.000,Y,,2025-10-04 16:51:29.000,ADMIN,,,Y,176888,1630
193010,UNIVERSITAS INDONESIA,2016-01-01 00:00:00.000,2020-01-01 00:00:00.000,Y,,2025-10-05 21:56:42.000,ADMIN,,,Y,176911,625
193171,SMA BANDUNG,2016-01-01 00:00:00.000,2019-01-01 00:00:00.000,Y,,2025-10-08 10:41:07.000,ADMIN,,,Y,177067,1630
193178,SMA TANGERANG SELATAN,2015-01-01 00:00:00.000,2018-01-01 00:00:00.000,Y,,2025-10-08 11:35:11.000,ADMIN,,,Y,177073,1630
193181,UNIVERSITAS ROYAL PRIMA,2020-01-01 00:00:00.000,2023-01-01 00:00:00.000,Y,LULUS,2025-10-08 12:07:43.000,ADMIN,,,Y,177076,625
193183,MDIS,2003-01-01 00:00:00.000,2007-01-01 00:00:00.000,Y,,2025-10-08 12:39:38.000,ADMIN,,,Y,177078,625
192897,POLITEKNIK NEGERI JAKARTA,2015-01-01 00:00:00.000,2019-01-01 00:00:00.000,Y,,2025-10-02 20:14:40.000,ADMIN,,,Y,176802,625
192943,UNIVERSITAS KATHOLIK PARAHYANGAN BANDUNG,2003-01-01 00:00:00.000,2006-01-01 00:00:00.000,Y,MAGISTER MANAJEMEN - LULUS,2025-10-03 18:07:56.000,ADMIN,,,Y,176851,625
192963,PONDOK MODERN DARUSSALAM GONTOR PUTRI KAMPUS 3,2019-01-01 00:00:00.000,2023-01-01 00:00:00.000,Y,,2025-10-04 07:01:05.000,ADMIN,,,Y,176866,1630
192972,UPN VETERAN JAKARTA,2019-01-01 00:00:00.000,2023-01-01 00:00:00.000,Y,,2025-10-04 11:28:26.000,ADMIN,,,Y,176874,625
192913,UNIVERSITAS BINA NUSANTARA,2018-01-01 00:00:00.000,2022-01-01 00:00:00.000,Y,,2025-10-03 09:03:21.000,ADMIN,,,Y,176819,625
193081,SMK,1987-01-01 00:00:00.000,1999-01-01 00:00:00.000,Y,,2025-10-07 17:41:13.000,ADMIN,,,Y,177031,1630
193142,IHEID / THE GRADUATE INSTITUTE OF INTERNATIONAL AND DEVELOPMENT STUDIES,2016-01-01 00:00:00.000,2020-01-01 00:00:00.000,Y,MASTER OF INTERNATIONAL LAW,2025-10-07 18:13:12.000,ADMIN,,,Y,177039,626
193141,SMA Marsudirini Bekasi,2021-01-01 00:00:00.000,2025-01-01 00:00:00.000,Y,,2025-10-07 18:14:25.000,ADMIN,,,Y,177040,1630
192505,UNIVERSITAS KARTINI,2009-01-01 00:00:00.000,2012-01-01 00:00:00.000,Y,SUDAH LULUS,2025-10-01 18:13:33.000,ADMIN,,,Y,176736,625
192818,UNIKA ATMAJAYA JOGJAKARTA,1993-01-01 00:00:00.000,1997-01-01 00:00:00.000,Y,,2025-10-02 12:16:21.000,ADMIN,,,Y,176779,625
192959,SMAS HANG TUAH 2 SIDOARJO,2023-01-01 00:00:00.000,2025-01-01 00:00:00.000,Y,,2025-10-04 09:51:22.000,ADMIN,,,Y,176868,1630
192969,STM PGRI PERDAGANGAN,1991-01-01 00:00:00.000,1994-01-01 00:00:00.000,Y,LULUS,2025-10-04 10:36:45.000,ADMIN,,,Y,176870,1630
193029,UNIVERSITAS MULTIMEDIA NUSANTARA,2022-01-01 00:00:00.000,2025-01-01 00:00:00.000,Y,,2025-10-06 13:27:46.000,ADMIN,,,Y,176933,625
193040,University Kuala Lumpur,2019-01-01 00:00:00.000,2023-01-01 00:00:00.000,Y,Lulus,2025-10-06 15:52:44.000,ADMIN,,,Y,176947,625
193000,UNIV,2006-01-01 00:00:00.000,2010-01-01 00:00:00.000,Y,,2025-10-06 10:24:04.000,ADMIN,,,Y,176923,625
193019,SMA SURABAYA,2018-01-01 00:00:00.000,2021-01-01 00:00:00.000,Y,,2025-10-06 10:27:19.000,ADMIN,,,Y,176925,1630
193129,UNIVERSITAS PELITA HARAPAN,2015-01-01 00:00:00.000,2019-01-01 00:00:00.000,Y,,2025-10-07 16:24:19.000,ADMIN,,,Y,177025,625
192789,Institut Teknologi Indonesia,2018-01-01 00:00:00.000,2022-01-01 00:00:00.000,Y,,2025-10-01 10:29:16.000,ADMIN,,,Y,176697,625
192788,UNIVERSITAS PADJADJARAN,2020-01-01 00:00:00.000,2024-01-01 00:00:00.000,Y,,2025-10-01 10:31:41.000,ADMIN,,,Y,176698,625
192813,SMK 2 BUDURAN,2019-01-01 00:00:00.000,2022-01-01 00:00:00.000,Y,JURUSAN PERBANKAN,2025-10-01 14:34:54.000,ADMIN,,,Y,176720,1630
192861,UNIVERSITAS DIAN NUSANTARA ,2021-01-01 00:00:00.000,2025-01-01 00:00:00.000,Y,,2025-10-02 10:48:00.000,ADMIN,,,Y,176769,625
191242,ITB,1989-01-01 00:00:00.000,1994-01-01 00:00:00.000,Y,TEKHNIK SIPIL,2025-10-03 17:06:12.000,ADMIN,,,Y,176844,625
192978,UNIVERSITAS PADJAJARAN,2007-01-01 00:00:00.000,2009-01-01 00:00:00.000,Y,MAGISTER KENOTARIATAN,2025-10-04 13:45:21.000,ADMIN,,,Y,176878,625
193026,UNIVERSITAS DHARMA AUB,2019-01-01 00:00:00.000,2021-01-01 00:00:00.000,Y,,2025-10-06 13:17:30.000,ADMIN,,,Y,176932,626
193076,UNIVERSITAS TRISAKTI,2019-01-01 00:00:00.000,2023-01-01 00:00:00.000,Y,KEDOKTERAN,2025-10-07 08:10:59.000,ADMIN,,,Y,176979,625
193074,TELKOM UNIVERSITY,2014-01-01 00:00:00.000,2018-01-01 00:00:00.000,Y,,2025-10-07 10:49:07.000,ADMIN,,,Y,176986,625
193163,UNIVERSITAS,1979-01-01 00:00:00.000,1982-01-01 00:00:00.000,Y,LULUS,2025-10-08 00:39:52.000,ADMIN,,,Y,177059,625
193202,INTER STUDENT,1999-01-01 00:00:00.000,2001-01-01 00:00:00.000,Y,PUBLIC RELATION,2025-10-08 16:12:11.000,ADMIN,,,Y,177093,623
193058,TELKOM UNIVERSITY,1998-01-01 00:00:00.000,2003-01-01 00:00:00.000,Y,,2025-10-06 20:12:18.000,ADMIN,,,Y,176965,625
193091,INSTITUTE SAINS DAN TEKNOLOGI ALKAMAL,2012-01-01 00:00:00.000,2015-01-01 00:00:00.000,Y,,2025-10-07 11:56:50.000,ADMIN,,,Y,176990,625
193090,UNIVERSITAS TERBUKA,2025-01-01 00:00:00.000,2025-01-01 00:00:00.000,Y,MANAGEMENT,2025-10-07 11:57:57.000,ADMIN,,,Y,176991,625
193101,UNIVERSITAS INDONESIA,2021-01-01 00:00:00.000,2025-01-01 00:00:00.000,Y,SASTRA CINA,2025-10-07 13:21:03.000,ADMIN,,,Y,177002,625
193107,SMA KRISTEN KARUNIA,2021-01-01 00:00:00.000,2024-01-01 00:00:00.000,Y,,2025-10-07 13:55:30.000,ADMIN,,,Y,177007,1630
193111,UNIVERSITAS PEMBANGUNAN NASIONAL SURABAYA,1995-01-01 00:00:00.000,1999-01-01 00:00:00.000,Y,LULUS,2025-10-07 14:08:43.000,ADMIN,,,Y,177010,625
193106,INSTITUT TEKNOLOGI KALIMANTAN,2019-01-01 00:00:00.000,2025-01-01 00:00:00.000,Y,LULUS,2025-10-07 14:18:04.000,ADMIN,,,Y,177011,625
193117,UNIVERSITAS TERBUKA,2019-01-01 00:00:00.000,2023-01-01 00:00:00.000,Y,,2025-10-07 14:53:26.000,ADMIN,,,Y,177015,625
193121,UNIVERSITAS DARMA AGUNG MEDAN,2010-01-01 00:00:00.000,2016-01-01 00:00:00.000,Y,HUKUM,2025-10-07 15:19:50.000,ADMIN,,,Y,177019,625
193126,SMA 1 PEMATANGSIANTAR,2015-01-01 00:00:00.000,2018-01-01 00:00:00.000,Y,,2025-10-07 15:48:46.000,ADMIN,,,Y,177022,1630
192851,UNIV,1987-01-01 00:00:00.000,1993-01-01 00:00:00.000,Y,,2025-10-02 08:50:52.000,ADMIN,,,Y,176760,625
192876,TEXAS,1993-01-01 00:00:00.000,1995-01-01 00:00:00.000,Y,,2025-10-02 15:11:39.000,ADMIN,,,Y,176788,626
192893,SMAK PENABUR,2022-01-01 00:00:00.000,2025-01-01 00:00:00.000,Y,,2025-10-02 19:04:59.000,ADMIN,,,Y,176801,1630
192900,TRI SAKTI,2004-01-01 00:00:00.000,2008-01-01 00:00:00.000,Y,EKONOMI MANAGEMENT,2025-10-02 21:07:44.000,ADMIN,,,Y,176806,625
192901,NATIONAL UNIVERSITY OF SINGAPORE,2021-01-01 00:00:00.000,2023-01-01 00:00:00.000,Y,,2025-10-02 21:08:41.000,ADMIN,,,Y,176807,626
192922,UNIVERSITAS INDONESIA,2001-01-01 00:00:00.000,2004-01-01 00:00:00.000,Y,,2025-10-03 11:29:18.000,ADMIN,,,Y,176826,625
192910,TASIKMALAYA,1994-01-01 00:00:00.000,1997-01-01 00:00:00.000,Y,,2025-10-03 15:21:34.000,ADMIN,,,Y,176833,1630
193059,UBM,2017-01-01 00:00:00.000,2021-01-01 00:00:00.000,Y,,2025-10-06 20:15:46.000,ADMIN,,,Y,176967,625
192923,ITB,2021-01-01 00:00:00.000,2025-01-01 00:00:00.000,Y,,2025-10-03 11:27:41.000,ADMIN,,,Y,176825,625
192926,STIKES BHAKTI HUSADA MULIA MADIUN,2020-01-01 00:00:00.000,2025-01-01 00:00:00.000,Y,FARMASI,2025-10-03 13:55:45.000,ADMIN,,,Y,176830,625
192929,UNIVERSITAS BRAWIJAYA,2016-01-01 00:00:00.000,2019-01-01 00:00:00.000,Y,,2025-10-03 15:28:57.000,ADMIN,,,Y,176834,623
192930,UNIVERSITAS BUDI LUHUR,2008-01-01 00:00:00.000,2012-01-01 00:00:00.000,Y,ILMU KOMUNIKASI,2025-10-03 15:30:18.000,ADMIN,,,Y,176835,625
192936,STBA LIA,2006-01-01 00:00:00.000,2011-01-01 00:00:00.000,Y,,2025-10-03 16:08:45.000,ADMIN,,,Y,176839,625
192933,UNIVERSITAS AIRLANGGA,2019-01-01 00:00:00.000,2023-01-01 00:00:00.000,Y,SARJANAH AKUTANSI (S.A),2025-10-03 16:11:07.000,ADMIN,,,Y,176840,625
193124,universitas islam negeri makassar,2014-01-01 00:00:00.000,2018-01-01 00:00:00.000,Y,lulu,2025-10-07 15:53:07.000,ADMIN,,,Y,177023,625
193175,SEKOLAH MENENGAH ATAS,1999-01-01 00:00:00.000,2002-01-01 00:00:00.000,Y,LULUS,2025-10-08 11:13:58.000,ADMIN,,,Y,177070,1630
193195,SECRETARY SAINT MARY,1991-01-01 00:00:00.000,1992-01-01 00:00:00.000,Y,,2025-10-08 15:10:25.000,ADMIN,,,Y,177088,625
